--
-- PostgreSQL database dump
--

-- Dumped from database version 17.4
-- Dumped by pg_dump version 17.4

-- Started on 2026-05-24 22:12:04

SET statement_timeout = 0;
SET lock_timeout = 0;
SET idle_in_transaction_session_timeout = 0;
SET transaction_timeout = 0;
SET client_encoding = 'UTF8';
SET standard_conforming_strings = on;
SELECT pg_catalog.set_config('search_path', '', false);
SET check_function_bodies = false;
SET xmloption = content;
SET client_min_messages = warning;
SET row_security = off;

--
-- TOC entry 8 (class 2615 OID 34597)
-- Name: admin; Type: SCHEMA; Schema: -; Owner: infosec_app
--

CREATE SCHEMA admin;


ALTER SCHEMA admin OWNER TO infosec_app;

--
-- TOC entry 3 (class 3079 OID 34492)
-- Name: citext; Type: EXTENSION; Schema: -; Owner: -
--

CREATE EXTENSION IF NOT EXISTS citext WITH SCHEMA public;


--
-- TOC entry 5184 (class 0 OID 0)
-- Dependencies: 3
-- Name: EXTENSION citext; Type: COMMENT; Schema: -; Owner: 
--

COMMENT ON EXTENSION citext IS 'data type for case-insensitive character strings';


--
-- TOC entry 2 (class 3079 OID 34455)
-- Name: pgcrypto; Type: EXTENSION; Schema: -; Owner: -
--

CREATE EXTENSION IF NOT EXISTS pgcrypto WITH SCHEMA public;


--
-- TOC entry 5185 (class 0 OID 0)
-- Dependencies: 2
-- Name: EXTENSION pgcrypto; Type: COMMENT; Schema: -; Owner: 
--

COMMENT ON EXTENSION pgcrypto IS 'cryptographic functions';


SET default_tablespace = '';

SET default_table_access_method = heap;

--
-- TOC entry 220 (class 1259 OID 34598)
-- Name: roles_permission; Type: TABLE; Schema: admin; Owner: postgres
--

CREATE TABLE admin.roles_permission (
    role_id uuid DEFAULT gen_random_uuid() NOT NULL,
    role_name text NOT NULL,
    description text,
    permissions text DEFAULT 'All'::text NOT NULL,
    access_level integer DEFAULT 0 NOT NULL
);


ALTER TABLE admin.roles_permission OWNER TO postgres;

--
-- TOC entry 221 (class 1259 OID 34610)
-- Name: users; Type: TABLE; Schema: admin; Owner: postgres
--

CREATE TABLE admin.users (
    user_id uuid DEFAULT gen_random_uuid() NOT NULL,
    first_name text NOT NULL,
    last_name text NOT NULL,
    email public.citext NOT NULL,
    password text NOT NULL,
    status text DEFAULT 'Active'::text NOT NULL,
    type text DEFAULT 'User'::text NOT NULL,
    role_id uuid,
    created_at timestamp with time zone DEFAULT now() NOT NULL,
    updated_at timestamp with time zone DEFAULT now() NOT NULL
);


ALTER TABLE admin.users OWNER TO postgres;

--
-- TOC entry 232 (class 1259 OID 34759)
-- Name: audit_log; Type: TABLE; Schema: public; Owner: infosec_app
--

CREATE TABLE public.audit_log (
    log_id character varying(255) NOT NULL,
    user_id character varying(255),
    action text NOT NULL,
    "timestamp" timestamp with time zone NOT NULL,
    ip_address character varying(255)
);


ALTER TABLE public.audit_log OWNER TO infosec_app;

--
-- TOC entry 227 (class 1259 OID 34647)
-- Name: auth_permission; Type: TABLE; Schema: public; Owner: infosec_app
--

CREATE TABLE public.auth_permission (
    id integer NOT NULL,
    name character varying(255) NOT NULL,
    content_type_id integer NOT NULL,
    codename character varying(100) NOT NULL
);


ALTER TABLE public.auth_permission OWNER TO infosec_app;

--
-- TOC entry 226 (class 1259 OID 34646)
-- Name: auth_permission_id_seq; Type: SEQUENCE; Schema: public; Owner: infosec_app
--

ALTER TABLE public.auth_permission ALTER COLUMN id ADD GENERATED BY DEFAULT AS IDENTITY (
    SEQUENCE NAME public.auth_permission_id_seq
    START WITH 1
    INCREMENT BY 1
    NO MINVALUE
    NO MAXVALUE
    CACHE 1
);


--
-- TOC entry 229 (class 1259 OID 34667)
-- Name: auth_user; Type: TABLE; Schema: public; Owner: infosec_app
--

CREATE TABLE public.auth_user (
    id integer NOT NULL,
    password character varying(128) NOT NULL,
    last_login timestamp with time zone,
    is_superuser boolean NOT NULL,
    username character varying(150) NOT NULL,
    first_name character varying(150) NOT NULL,
    last_name character varying(150) NOT NULL,
    email character varying(254) NOT NULL,
    is_staff boolean NOT NULL,
    is_active boolean NOT NULL,
    date_joined timestamp with time zone NOT NULL,
    role_id character varying(255)
);


ALTER TABLE public.auth_user OWNER TO infosec_app;

--
-- TOC entry 228 (class 1259 OID 34666)
-- Name: auth_user_id_seq; Type: SEQUENCE; Schema: public; Owner: infosec_app
--

ALTER TABLE public.auth_user ALTER COLUMN id ADD GENERATED BY DEFAULT AS IDENTITY (
    SEQUENCE NAME public.auth_user_id_seq
    START WITH 1
    INCREMENT BY 1
    NO MINVALUE
    NO MAXVALUE
    CACHE 1
);


--
-- TOC entry 231 (class 1259 OID 34739)
-- Name: django_admin_log; Type: TABLE; Schema: public; Owner: infosec_app
--

CREATE TABLE public.django_admin_log (
    id integer NOT NULL,
    action_time timestamp with time zone NOT NULL,
    object_id text,
    object_repr character varying(200) NOT NULL,
    action_flag smallint NOT NULL,
    change_message text NOT NULL,
    content_type_id integer,
    user_id integer NOT NULL,
    CONSTRAINT django_admin_log_action_flag_check CHECK ((action_flag >= 0))
);


ALTER TABLE public.django_admin_log OWNER TO infosec_app;

--
-- TOC entry 230 (class 1259 OID 34738)
-- Name: django_admin_log_id_seq; Type: SEQUENCE; Schema: public; Owner: infosec_app
--

ALTER TABLE public.django_admin_log ALTER COLUMN id ADD GENERATED BY DEFAULT AS IDENTITY (
    SEQUENCE NAME public.django_admin_log_id_seq
    START WITH 1
    INCREMENT BY 1
    NO MINVALUE
    NO MAXVALUE
    CACHE 1
);


--
-- TOC entry 225 (class 1259 OID 34639)
-- Name: django_content_type; Type: TABLE; Schema: public; Owner: infosec_app
--

CREATE TABLE public.django_content_type (
    id integer NOT NULL,
    app_label character varying(100) NOT NULL,
    model character varying(100) NOT NULL
);


ALTER TABLE public.django_content_type OWNER TO infosec_app;

--
-- TOC entry 224 (class 1259 OID 34638)
-- Name: django_content_type_id_seq; Type: SEQUENCE; Schema: public; Owner: infosec_app
--

ALTER TABLE public.django_content_type ALTER COLUMN id ADD GENERATED BY DEFAULT AS IDENTITY (
    SEQUENCE NAME public.django_content_type_id_seq
    START WITH 1
    INCREMENT BY 1
    NO MINVALUE
    NO MAXVALUE
    CACHE 1
);


--
-- TOC entry 223 (class 1259 OID 34631)
-- Name: django_migrations; Type: TABLE; Schema: public; Owner: infosec_app
--

CREATE TABLE public.django_migrations (
    id bigint NOT NULL,
    app character varying(255) NOT NULL,
    name character varying(255) NOT NULL,
    applied timestamp with time zone NOT NULL
);


ALTER TABLE public.django_migrations OWNER TO infosec_app;

--
-- TOC entry 222 (class 1259 OID 34630)
-- Name: django_migrations_id_seq; Type: SEQUENCE; Schema: public; Owner: infosec_app
--

ALTER TABLE public.django_migrations ALTER COLUMN id ADD GENERATED BY DEFAULT AS IDENTITY (
    SEQUENCE NAME public.django_migrations_id_seq
    START WITH 1
    INCREMENT BY 1
    NO MINVALUE
    NO MAXVALUE
    CACHE 1
);


--
-- TOC entry 240 (class 1259 OID 34845)
-- Name: django_session; Type: TABLE; Schema: public; Owner: infosec_app
--

CREATE TABLE public.django_session (
    session_key character varying(40) NOT NULL,
    session_data text NOT NULL,
    expire_date timestamp with time zone NOT NULL
);


ALTER TABLE public.django_session OWNER TO infosec_app;

--
-- TOC entry 234 (class 1259 OID 34776)
-- Name: documents_document; Type: TABLE; Schema: public; Owner: infosec_app
--

CREATE TABLE public.documents_document (
    id bigint NOT NULL,
    title character varying(255) NOT NULL,
    details text NOT NULL,
    pdf_file character varying(100) NOT NULL,
    "lastReviewed" timestamp with time zone NOT NULL,
    "lastUpdated" timestamp with time zone NOT NULL,
    "authoredBy_id" integer,
    "reviewedBy_id" integer
);


ALTER TABLE public.documents_document OWNER TO infosec_app;

--
-- TOC entry 233 (class 1259 OID 34775)
-- Name: documents_document_id_seq; Type: SEQUENCE; Schema: public; Owner: infosec_app
--

ALTER TABLE public.documents_document ALTER COLUMN id ADD GENERATED BY DEFAULT AS IDENTITY (
    SEQUENCE NAME public.documents_document_id_seq
    START WITH 1
    INCREMENT BY 1
    NO MINVALUE
    NO MAXVALUE
    CACHE 1
);


--
-- TOC entry 250 (class 1259 OID 35049)
-- Name: documents_document_tags; Type: TABLE; Schema: public; Owner: infosec_app
--

CREATE TABLE public.documents_document_tags (
    id bigint NOT NULL,
    document_id bigint NOT NULL,
    tag_id bigint NOT NULL
);


ALTER TABLE public.documents_document_tags OWNER TO infosec_app;

--
-- TOC entry 249 (class 1259 OID 35048)
-- Name: documents_document_tags_id_seq; Type: SEQUENCE; Schema: public; Owner: infosec_app
--

ALTER TABLE public.documents_document_tags ALTER COLUMN id ADD GENERATED BY DEFAULT AS IDENTITY (
    SEQUENCE NAME public.documents_document_tags_id_seq
    START WITH 1
    INCREMENT BY 1
    NO MINVALUE
    NO MAXVALUE
    CACHE 1
);


--
-- TOC entry 236 (class 1259 OID 34784)
-- Name: documents_section; Type: TABLE; Schema: public; Owner: infosec_app
--

CREATE TABLE public.documents_section (
    id bigint NOT NULL,
    title character varying(255) NOT NULL,
    description text NOT NULL,
    parent_id bigint NOT NULL
);


ALTER TABLE public.documents_section OWNER TO infosec_app;

--
-- TOC entry 235 (class 1259 OID 34783)
-- Name: documents_section_id_seq; Type: SEQUENCE; Schema: public; Owner: infosec_app
--

ALTER TABLE public.documents_section ALTER COLUMN id ADD GENERATED BY DEFAULT AS IDENTITY (
    SEQUENCE NAME public.documents_section_id_seq
    START WITH 1
    INCREMENT BY 1
    NO MINVALUE
    NO MAXVALUE
    CACHE 1
);


--
-- TOC entry 238 (class 1259 OID 34792)
-- Name: documents_subsection; Type: TABLE; Schema: public; Owner: infosec_app
--

CREATE TABLE public.documents_subsection (
    id bigint NOT NULL,
    title character varying(255) NOT NULL,
    content text NOT NULL,
    parent_id bigint NOT NULL
);


ALTER TABLE public.documents_subsection OWNER TO infosec_app;

--
-- TOC entry 237 (class 1259 OID 34791)
-- Name: documents_subsection_id_seq; Type: SEQUENCE; Schema: public; Owner: infosec_app
--

ALTER TABLE public.documents_subsection ALTER COLUMN id ADD GENERATED BY DEFAULT AS IDENTITY (
    SEQUENCE NAME public.documents_subsection_id_seq
    START WITH 1
    INCREMENT BY 1
    NO MINVALUE
    NO MAXVALUE
    CACHE 1
);


--
-- TOC entry 244 (class 1259 OID 35003)
-- Name: documents_tag; Type: TABLE; Schema: public; Owner: infosec_app
--

CREATE TABLE public.documents_tag (
    id bigint NOT NULL,
    tag_content character varying(255) NOT NULL
);


ALTER TABLE public.documents_tag OWNER TO infosec_app;

--
-- TOC entry 243 (class 1259 OID 35002)
-- Name: documents_tag_id_seq; Type: SEQUENCE; Schema: public; Owner: infosec_app
--

ALTER TABLE public.documents_tag ALTER COLUMN id ADD GENERATED BY DEFAULT AS IDENTITY (
    SEQUENCE NAME public.documents_tag_id_seq
    START WITH 1
    INCREMENT BY 1
    NO MINVALUE
    NO MAXVALUE
    CACHE 1
);


--
-- TOC entry 246 (class 1259 OID 35010)
-- Name: notifications_notification; Type: TABLE; Schema: public; Owner: infosec_app
--

CREATE TABLE public.notifications_notification (
    id bigint NOT NULL,
    action character varying(255) NOT NULL,
    misc_title character varying(255),
    created_at timestamp with time zone NOT NULL,
    actor_id integer,
    document_id bigint
);


ALTER TABLE public.notifications_notification OWNER TO infosec_app;

--
-- TOC entry 245 (class 1259 OID 35009)
-- Name: notifications_notification_id_seq; Type: SEQUENCE; Schema: public; Owner: infosec_app
--

ALTER TABLE public.notifications_notification ALTER COLUMN id ADD GENERATED BY DEFAULT AS IDENTITY (
    SEQUENCE NAME public.notifications_notification_id_seq
    START WITH 1
    INCREMENT BY 1
    NO MINVALUE
    NO MAXVALUE
    CACHE 1
);


--
-- TOC entry 248 (class 1259 OID 35018)
-- Name: notifications_usernotification; Type: TABLE; Schema: public; Owner: infosec_app
--

CREATE TABLE public.notifications_usernotification (
    id bigint NOT NULL,
    read boolean NOT NULL,
    notification_id bigint NOT NULL,
    to_user_id integer NOT NULL
);


ALTER TABLE public.notifications_usernotification OWNER TO infosec_app;

--
-- TOC entry 247 (class 1259 OID 35017)
-- Name: notifications_usernotification_id_seq; Type: SEQUENCE; Schema: public; Owner: infosec_app
--

ALTER TABLE public.notifications_usernotification ALTER COLUMN id ADD GENERATED BY DEFAULT AS IDENTITY (
    SEQUENCE NAME public.notifications_usernotification_id_seq
    START WITH 1
    INCREMENT BY 1
    NO MINVALUE
    NO MAXVALUE
    CACHE 1
);


--
-- TOC entry 239 (class 1259 OID 34811)
-- Name: role; Type: TABLE; Schema: public; Owner: infosec_app
--

CREATE TABLE public.role (
    role_id character varying(255) NOT NULL,
    role_name character varying(255) NOT NULL,
    modules text
);


ALTER TABLE public.role OWNER TO infosec_app;

--
-- TOC entry 242 (class 1259 OID 34978)
-- Name: user_profile; Type: TABLE; Schema: public; Owner: infosec_app
--

CREATE TABLE public.user_profile (
    id bigint NOT NULL,
    role_id character varying(255),
    user_id integer NOT NULL
);


ALTER TABLE public.user_profile OWNER TO infosec_app;

--
-- TOC entry 241 (class 1259 OID 34977)
-- Name: user_profile_id_seq; Type: SEQUENCE; Schema: public; Owner: infosec_app
--

ALTER TABLE public.user_profile ALTER COLUMN id ADD GENERATED BY DEFAULT AS IDENTITY (
    SEQUENCE NAME public.user_profile_id_seq
    START WITH 1
    INCREMENT BY 1
    NO MINVALUE
    NO MAXVALUE
    CACHE 1
);


--
-- TOC entry 5148 (class 0 OID 34598)
-- Dependencies: 220
-- Data for Name: roles_permission; Type: TABLE DATA; Schema: admin; Owner: postgres
--

COPY admin.roles_permission (role_id, role_name, description, permissions, access_level) FROM stdin;
1cc922a1-a671-4ee0-b568-fa7b6e2fdc81	Admin	Full access	All	10
14648549-8a8d-4080-84b1-4710a0b5223e	Staff	Limited access	Policies,Documents	3
\.


--
-- TOC entry 5149 (class 0 OID 34610)
-- Dependencies: 221
-- Data for Name: users; Type: TABLE DATA; Schema: admin; Owner: postgres
--

COPY admin.users (user_id, first_name, last_name, email, password, status, type, role_id, created_at, updated_at) FROM stdin;
b0195e46-8f8d-47ed-8f6c-b02a78b03a95	Juan	Dela Cruz	juan@gmail.com	$2a$06$jBpxtFROtA3pX41FTlekMu4f9nLHVZ4I4S8BSh8dgnfyKyXAmV.8G	Active	Admin	1cc922a1-a671-4ee0-b568-fa7b6e2fdc81	2026-03-31 23:18:39.787452+08	2026-03-31 23:18:39.787452+08
5705ac1c-cf3e-4187-bbd6-dd84b9ead79b	Maria	Santos	employee@gmail.com	$2a$06$qJ3JSB8kxN/lHN/MXhmCtuzbQmY8U85cmYPTXNpjMjQ5rhwwFDZ9u	Active	User	14648549-8a8d-4080-84b1-4710a0b5223e	2026-03-31 23:18:39.800335+08	2026-03-31 23:18:39.800335+08
\.


--
-- TOC entry 5160 (class 0 OID 34759)
-- Dependencies: 232
-- Data for Name: audit_log; Type: TABLE DATA; Schema: public; Owner: infosec_app
--

COPY public.audit_log (log_id, user_id, action, "timestamp", ip_address) FROM stdin;
LOG-0CEDB43C	\N	Failed login attempt for email: juan@gmail.com	2026-04-05 21:00:58.931124+08	127.0.0.1
LOG-D5426847	1	Successful login	2026-04-05 21:32:10.512179+08	127.0.0.1
LOG-B2AD8897	1	Successful login	2026-05-23 20:40:46.954722+08	127.0.0.1
LOG-FB902879	1	Successful login	2026-05-23 22:59:01.689791+08	127.0.0.1
LOG-65F53221	1	Successful login	2026-05-24 02:08:06.281923+08	127.0.0.1
LOG-BA17AC6A	1	Successful login	2026-05-24 15:45:30.187899+08	127.0.0.1
LOG-A6628F68	1	Successful login	2026-05-24 18:12:37.145194+08	127.0.0.1
LOG-7C5737C2	1	Successful login	2026-05-24 19:46:45.418585+08	127.0.0.1
\.


--
-- TOC entry 5155 (class 0 OID 34647)
-- Dependencies: 227
-- Data for Name: auth_permission; Type: TABLE DATA; Schema: public; Owner: infosec_app
--

COPY public.auth_permission (id, name, content_type_id, codename) FROM stdin;
1	Can add log entry	1	add_logentry
2	Can change log entry	1	change_logentry
3	Can delete log entry	1	delete_logentry
4	Can view log entry	1	view_logentry
5	Can add permission	2	add_permission
6	Can change permission	2	change_permission
7	Can delete permission	2	delete_permission
8	Can view permission	2	view_permission
9	Can add group	3	add_group
10	Can change group	3	change_group
11	Can delete group	3	delete_group
12	Can view group	3	view_group
13	Can add user	4	add_user
14	Can change user	4	change_user
15	Can delete user	4	delete_user
16	Can view user	4	view_user
17	Can add content type	5	add_contenttype
18	Can change content type	5	change_contenttype
19	Can delete content type	5	delete_contenttype
20	Can view content type	5	view_contenttype
21	Can add session	6	add_session
22	Can change session	6	change_session
23	Can delete session	6	delete_session
24	Can view session	6	view_session
25	Can add notification	7	add_notification
26	Can change notification	7	change_notification
27	Can delete notification	7	delete_notification
28	Can view notification	7	view_notification
29	Can add roles permission	8	add_rolespermission
30	Can change roles permission	8	change_rolespermission
31	Can delete roles permission	8	delete_rolespermission
32	Can view roles permission	8	view_rolespermission
33	Can add user	9	add_user
34	Can change user	9	change_user
35	Can delete user	9	delete_user
36	Can view user	9	view_user
37	Can add audit log	10	add_auditlog
38	Can change audit log	10	change_auditlog
39	Can delete audit log	10	delete_auditlog
40	Can view audit log	10	view_auditlog
41	Can add document	11	add_document
42	Can change document	11	change_document
43	Can delete document	11	delete_document
44	Can view document	11	view_document
45	Can add section	12	add_section
46	Can change section	12	change_section
47	Can delete section	12	delete_section
48	Can view section	12	view_section
49	Can add sub section	13	add_subsection
50	Can change sub section	13	change_subsection
51	Can delete sub section	13	delete_subsection
52	Can view sub section	13	view_subsection
53	Can add user notification	14	add_usernotification
54	Can change user notification	14	change_usernotification
55	Can delete user notification	14	delete_usernotification
56	Can view user notification	14	view_usernotification
57	Can add role	8	add_role
58	Can change role	8	change_role
59	Can delete role	8	delete_role
60	Can view role	8	view_role
61	Can add user profile	15	add_userprofile
62	Can change user profile	15	change_userprofile
63	Can delete user profile	15	delete_userprofile
64	Can view user profile	15	view_userprofile
65	Can add tag	16	add_tag
66	Can change tag	16	change_tag
67	Can delete tag	16	delete_tag
68	Can view tag	16	view_tag
\.


--
-- TOC entry 5157 (class 0 OID 34667)
-- Dependencies: 229
-- Data for Name: auth_user; Type: TABLE DATA; Schema: public; Owner: infosec_app
--

COPY public.auth_user (id, password, last_login, is_superuser, username, first_name, last_name, email, is_staff, is_active, date_joined, role_id) FROM stdin;
1	pbkdf2_sha256$870000$9XofxDCdBLvwGsAyddY7do$cq3rcGmrfRiQfO0XZ2jUfijjrfvXCl++PD5xU7p1dYI=	\N	t	admin1@gmail.com	Jeffrey	Kawabata	admin1@gmail.com	t	t	2026-04-02 14:52:59.357445+08	\N
2	pbkdf2_sha256$870000$HeSv6ZtJ6bGSulVKog8RmA$XzLqf9H1Hq50bOjRvUv+EHvH6J93i1ijYcucoT0Dhp4=	\N	t	admin2@gmail.com	Mitch	Twolentino	admin2@gmail.com	t	t	2026-04-02 14:52:59.904714+08	\N
3	pbkdf2_sha256$870000$0GTUHFWnIAaw7kHZhvokXg$+vPGHJxzkRCvTF0sHoyJNit+Anj5Sztxy5LU6YQqyy8=	\N	f	staff1@gmail.com	Juan	Dela Cruz	staff1@gmail.com	f	t	2026-04-02 14:53:00.393916+08	\N
4	pbkdf2_sha256$870000$mJvXNq1ZRYkJFrLjhIb9ry$WlrGS5PlA0Vf1odNQXwJTv+DO9bGpk9T0Ps3epDREiE=	\N	f	staff2@gmail.com	Harley	Queen	staff2@gmail.com	f	t	2026-04-02 14:53:00.875526+08	\N
5	pbkdf2_sha256$870000$uCp2upNHWUuf380HJoHe86$pGPzi/1xnw/fgi5tQvjWuoomoDaZcp/T7qmM20knLY0=	\N	f	staff3@gmail.com	Ce	Ce	staff3@gmail.com	f	t	2026-04-02 14:53:01.350344+08	\N
6	pbkdf2_sha256$870000$ntznJFAgxMaDWUrBS7Ya4n$VtdhAJs8HAdK6v0qpjvqhwtqMxcZD+yDAs9GWn62DmM=	2026-04-05 21:02:35.566581+08	t	admin				t	t	2026-04-05 21:02:27.687349+08	\N
\.


--
-- TOC entry 5159 (class 0 OID 34739)
-- Dependencies: 231
-- Data for Name: django_admin_log; Type: TABLE DATA; Schema: public; Owner: infosec_app
--

COPY public.django_admin_log (id, action_time, object_id, object_repr, action_flag, change_message, content_type_id, user_id) FROM stdin;
1	2026-04-05 21:21:16.819432+08	1	New Document	2	[{"changed": {"fields": ["AuthoredBy", "ReviewedBy"]}}]	11	6
\.


--
-- TOC entry 5153 (class 0 OID 34639)
-- Dependencies: 225
-- Data for Name: django_content_type; Type: TABLE DATA; Schema: public; Owner: infosec_app
--

COPY public.django_content_type (id, app_label, model) FROM stdin;
1	admin	logentry
2	auth	permission
3	auth	group
4	auth	user
5	contenttypes	contenttype
6	sessions	session
7	notifications	notification
9	login	user
10	audit_log	auditlog
11	documents	document
12	documents	section
13	documents	subsection
14	notifications	usernotification
8	login	role
15	login	userprofile
16	documents	tag
\.


--
-- TOC entry 5151 (class 0 OID 34631)
-- Dependencies: 223
-- Data for Name: django_migrations; Type: TABLE DATA; Schema: public; Owner: infosec_app
--

COPY public.django_migrations (id, app, name, applied) FROM stdin;
1	contenttypes	0001_initial	2026-03-31 23:20:37.12399+08
2	auth	0001_initial	2026-03-31 23:20:37.216883+08
3	admin	0001_initial	2026-03-31 23:20:37.23908+08
4	admin	0002_logentry_remove_auto_add	2026-03-31 23:20:37.245669+08
5	admin	0003_logentry_add_action_flag_choices	2026-03-31 23:20:37.251701+08
6	audit_log	0001_initial	2026-03-31 23:20:37.265535+08
7	contenttypes	0002_remove_content_type_name	2026-03-31 23:20:37.28209+08
8	auth	0002_alter_permission_name_max_length	2026-03-31 23:20:37.290121+08
9	auth	0003_alter_user_email_max_length	2026-03-31 23:20:37.297806+08
10	auth	0004_alter_user_username_opts	2026-03-31 23:20:37.306877+08
11	auth	0005_alter_user_last_login_null	2026-03-31 23:20:37.315772+08
12	auth	0006_require_contenttypes_0002	2026-03-31 23:20:37.317992+08
13	auth	0007_alter_validators_add_error_messages	2026-03-31 23:20:37.327924+08
14	auth	0008_alter_user_username_max_length	2026-03-31 23:20:37.33976+08
15	auth	0009_alter_user_last_name_max_length	2026-03-31 23:20:37.348083+08
16	auth	0010_alter_group_name_max_length	2026-03-31 23:20:37.357385+08
17	auth	0011_update_proxy_permissions	2026-03-31 23:20:37.365824+08
18	auth	0012_alter_user_first_name_max_length	2026-03-31 23:20:37.373974+08
19	documents	0001_initial	2026-03-31 23:20:37.415688+08
20	login	0001_initial	2026-03-31 23:20:37.449948+08
22	sessions	0001_initial	2026-03-31 23:20:37.475613+08
23	documents	0002_alter_document_lastupdated	2026-04-05 21:02:18.311222+08
24	documents	0003_document_authoredby_document_reviewedby	2026-04-05 21:02:18.507598+08
25	documents	0004_alter_document_authoredby_alter_document_reviewedby	2026-04-05 21:20:50.805666+08
27	notifications	0002_remove_notification_notifications_status	2026-05-20 02:46:20.734572+08
29	notifications	0002_notification_misc_title	2026-05-23 15:35:30.464899+08
30	login	0002_delete_user	2026-05-23 22:48:27.601626+08
31	login	0003_role_userprofile_delete_rolespermission	2026-05-24 12:49:07.090371+08
32	login	0004_auth_user_role_and_drop_groups	2026-05-24 12:49:07.134821+08
33	documents	0005_tag_alter_document_pdf_file	2026-05-24 19:46:32.605231+08
34	notifications	0001_initial	2026-05-24 19:57:01.856541+08
35	documents	0006_remove_document_tags_document_tags	2026-05-24 20:15:41.337983+08
\.


--
-- TOC entry 5168 (class 0 OID 34845)
-- Dependencies: 240
-- Data for Name: django_session; Type: TABLE DATA; Schema: public; Owner: infosec_app
--

COPY public.django_session (session_key, session_data, expire_date) FROM stdin;
ug4zkk22ac35h0dg1behosqeayelq5y7	.eJxVjDEOAiEQRe9CbQgDCGJp7xnIMAOyaiBZdivj3XWTLbT9773_EhHXpcZ15DlOLM7CicPvlpAeuW2A79huXVJvyzwluSlyp0NeO-fnZXf_DiqO-q2NZUYI9phVRgpkLSjmrIshg96B16BLAPKhMFAwjGiVhpOhRBqdFe8P8jE4Gw:1w9N7b:iSfpRtqPpCtMJP-ux5QR6hWDsOHtEg34eY76JzOA44A	2026-04-19 21:02:35.473414+08
1j2a4m00la8nriotfy2asi533u3pr63z	.eJxVjDEOAiEQRe9CbQgDCGJp7xnIMAOyaiBZdivj3XWTLbT9773_EhHXpcZ15DlOLM7CicPvlpAeuW2A79huXVJvyzwluSlyp0NeO-fnZXf_DiqO-q2NZUYI9phVRgpkLSjmrIshg96B16BLAPKhMFAwjGiVhpOhRBqdFe8P8jE4Gw:1w9N7b:iSfpRtqPpCtMJP-ux5QR6hWDsOHtEg34eY76JzOA44A	2026-04-19 21:02:35.570084+08
\.


--
-- TOC entry 5162 (class 0 OID 34776)
-- Dependencies: 234
-- Data for Name: documents_document; Type: TABLE DATA; Schema: public; Owner: infosec_app
--

COPY public.documents_document (id, title, details, pdf_file, "lastReviewed", "lastUpdated", "authoredBy_id", "reviewedBy_id") FROM stdin;
11	Digital Notes on Cybersecurity	IT Course Cybersecurity notes	documents/pdfs/16b37035-d476-40b4-ac45-a82fbf3c67e2_CYBER_SECURITY_R18A0521.pdf	2026-05-24 21:07:03.649+08	2026-05-24 21:09:01.771453+08	2	1
12	Cybersecurity for small businesses	Cybersecurity basics	documents/pdfs/55a2c763-485b-4a29-a6cd-76a07257a5e8_cybersecuirty_sb_factsheets_all.pdf	2026-05-24 21:14:47.252386+08	2026-05-24 21:14:47.252386+08	4	1
13	CYBERSECURITY HANDBOOK	THIS HANDBOOK WAS DEVELOPED BY THE NATIONAL CYBER SECURITY AUTHORITY\r\nOF GREECE – MINISTRY OF DIGITAL GOVERNANCE - DIRECTORATE FOR CYBER SECURITY\r\nSTRATEGIC PLANNING - DEPARTMENT FOR REQUIREMENTS AND SECURITY ARCHITECTURE.	documents/pdfs/1d301580-84a9-4e05-a00a-74c1a7a1d987_Cybersecurity-Handbook-English-versi_uDFvEr1.pdf	2026-05-24 22:01:23.845722+08	2026-05-24 22:01:23.845722+08	5	3
\.


--
-- TOC entry 5178 (class 0 OID 35049)
-- Dependencies: 250
-- Data for Name: documents_document_tags; Type: TABLE DATA; Schema: public; Owner: infosec_app
--

COPY public.documents_document_tags (id, document_id, tag_id) FROM stdin;
4	11	2
5	11	4
6	12	24
7	12	26
8	12	48
9	12	23
10	13	43
11	13	45
\.


--
-- TOC entry 5164 (class 0 OID 34784)
-- Dependencies: 236
-- Data for Name: documents_section; Type: TABLE DATA; Schema: public; Owner: infosec_app
--

COPY public.documents_section (id, title, description, parent_id) FROM stdin;
13	Cybersecurity Fundamentals	New section description	11
14	Cyber Forensics and Digital Evidence	New section description	11
15	Cybersecurity Basics for Small Businesses	New section description	12
16	Cyber Threats and Incident Response	New section description	12
17	Network Security and Infrastructure Protection	New section description	13
18	Web Application and Malware Security	New section description	13
\.


--
-- TOC entry 5166 (class 0 OID 34792)
-- Dependencies: 238
-- Data for Name: documents_subsection; Type: TABLE DATA; Schema: public; Owner: infosec_app
--

COPY public.documents_subsection (id, title, content, parent_id) FROM stdin;
30	Network Segmentation and Firewalls	Organizations should design secure network architectures that separate systems based on sensitivity and exposure.\n\nImportant security practices include:\n\n\\- Using firewalls to filter inbound and outbound traffic\n\n\\- Separating public-facing servers into DMZs (Demilitarized Zones)\n\n\\- Segmenting internal networks into different subnets\n\n\\- Restricting communication between network zones\n\nProper segmentation limits the spread of malware and reduces the impact of cyber attacks.	17
31	Wireless and Remote Access Security	Wireless and remote connections introduce additional security risks that must be controlled carefully.\n\n\n\nRecommended protections:\n\n\\- Use VPNs with strong encryption and two-factor authentication\n\n\\- Implement WPA2 or WPA3 for wireless security\n\n\\- Disable wireless administrative access\n\n\\- Detect rogue access points using wireless intrusion detection systems\n\n\n\nThese controls help prevent unauthorized access and protect sensitive network traffic.	17
32	Secure Web Application Development	Web applications are common targets for cyber attacks such as SQL injection and cross-site scripting (XSS).\n\nSecurity practices for web applications include:\n\n\\- Validating user input\n\n\\- Using parameterized database queries\n\n\\- Encrypting communications with TLS\n\n\\- Applying secure authentication and session management\n\nApplications should also undergo regular security testing and penetration testing before deployment.	18
21	Security Layers in Cybersecurity	Cybersecurity uses multiple layers of protection to defend critical assets and sensitive data.\nThe seven layers of cybersecurity include:\n\n* Mission Critical Assets\n* Data Security\n* Application Security\n* Endpoint Security\n* Network Security\n* Perimeter Security\n* Human Layer\n\nThe human layer is considered one of the weakest points because users may fall victim to phishing attacks, malicious insiders, or negligence.	13
22	Vulnerabilities, Threats, and Attacks	A vulnerability is a weakness in a system that attackers can exploit. Common examples include:\n\n* SQL injection\n* Server misconfiguration\n* Cross-site scripting\n* Unencrypted sensitive data\n\nThreats are incidents that can negatively affect systems or data, while attacks are threats that have actually been executed.\n\nAttacks are categorized as\n\n* Passive attacks\n* Active attacks\n* Insider attacks\n* Outsider attacks	13
23	CIA Triad	The CIA Triad is a core security model composed of:\n\n&#x20;**\\*\\*Confidentiality\\*\\*** — protecting sensitive information from unauthorized access\n\n&#x20;**\\*\\*Integrity\\*\\*** — ensuring data is not altered improperly\n\n&#x20;**\\*\\*Availability\\*\\*** — ensuring systems and data remain accessible when needed\n\n`Common security mechanisms include encryption, access control lists, and authentication systems.`	13
24	Introduction to Cyber Forensics	Cyber forensics involves investigating and analyzing digital devices to gather evidence for legal or security purposes.\n\nDigital forensics focuses on:\n\n* Preservation of evidence\n* Identification of digital artifacts\n* Extraction of relevant information\n* Documentation of findings\n\nDigital evidence may come from:\n\n* Computers\n* Mobile phones\n* Servers\n* Networks\n* Storage devices	14
25	Protecting Files and Devices	Small businesses should secure their devices and data to reduce the risk of cyber attacks.\n\nImportant practices include:\n\n* Updating software and operating systems regularly\n* Backing up important files offline or in the cloud\n* Using strong passwords for laptops, tablets, and smartphones\n* Encrypting devices containing sensitive information\n* Enabling multi-factor authentication (MFA)\n\nThese measures help protect business data from unauthorized access and cyber threats.	15
26	Wireless Network Security	Wireless networks should be configured securely to prevent attackers from accessing company systems.\n\nRecommended security measures:\n\n* Change the default router name and password\n* Disable remote management\n* Use WPA2 or WPA3 encryption\n* Log out of administrator accounts after setup\n\nEncryption protects information transmitted across the network from outsiders.	15
27	Employee Security Awareness	Employees play a major role in maintaining cybersecurity.\n\nOrganizations should:\n\n* Train employees regularly about cyber threats\n* Teach staff how to recognize phishing scams\n* Encourage secure password practices\n* Develop incident response plans\n\nA strong culture of cybersecurity awareness reduces human-related security risks.	15
28	Ransomware Attacks	Ransomware is malicious software that locks users out of their files or systems until a ransom is paid.\n\nCommon ways ransomware spreads:\n\n\\- Phishing emails\n\n\\- Malicious attachments\n\n\\- Infected websites\n\n\\- Vulnerable servers\n\nBusinesses should regularly back up data and keep security software updated to reduce damage from attacks.	16
29	Phishing and Email Spoofing	Phishing attacks trick users into revealing passwords or sensitive information through fake emails or messages.\n\n\n\nCharacteristics of phishing attacks:\n\n\\- Fake company logos or email addresses\n\n\\- Urgent requests for action\n\n\\- Links to malicious websites\n\n\\- Requests for passwords or banking information\n\n\n\nEmail spoofing allows attackers to impersonate businesses using fake email addresses.\n\n\n\nSecurity technologies used to reduce spoofing include:\n\n\\- SPF (Sender Policy Framework)\n\n\\- DKIM (DomainKeys Identified Mail)\n\n\\- DMARC (Domain-based Message Authentication, Reporting & Conformance)	16
\.


--
-- TOC entry 5172 (class 0 OID 35003)
-- Dependencies: 244
-- Data for Name: documents_tag; Type: TABLE DATA; Schema: public; Owner: infosec_app
--

COPY public.documents_tag (id, tag_content) FROM stdin;
1	ISO A.5.1.1
2	ISO A.5.1.2
3	ISO A.6.1.1
4	ISO A.6.1.2
5	ISO A.6.1.3
6	ISO A.7.1.1
7	ISO A.7.1.2
8	ISO A.7.2.1
9	ISO A.7.2.2
10	ISO A.8.1.1
11	ISO A.8.1.2
12	ISO A.8.2.1
13	ISO A.9.1.1
14	ISO A.9.2.1
15	ISO A.9.2.2
16	ISO A.9.2.3
17	ISO A.9.4.1
18	ISO A.9.4.2
19	ISO A.10.1.1
20	ISO A.10.1.2
21	ISO A.11.1.1
22	ISO A.11.1.2
23	ISO A.12.1.1
24	ISO A.12.1.2
25	ISO A.12.2.1
26	ISO A.12.2.2
27	ISO A.13.1.1
28	ISO A.13.1.2
29	ISO A.14.1.1
30	ISO A.14.1.2
31	ISO A.15.1.1
32	ISO A.15.1.2
33	ISO A.16.1.1
34	ISO A.16.1.2
35	ISO A.17.1.1
36	ISO A.17.1.2
37	NIST PR.AT
38	NIST PR.AC
39	NIST PR.DS
40	NIST PR.IP
41	NIST PR.MA
42	NIST PR.PT
43	NIST DE.CM
44	NIST DE.DP
45	NIST RS.RP
46	NIST RS.CO
47	NIST RS.IM
48	NIST RS.MI
49	NIST RC.IM
50	NIST RC.CO
\.


--
-- TOC entry 5174 (class 0 OID 35010)
-- Dependencies: 246
-- Data for Name: notifications_notification; Type: TABLE DATA; Schema: public; Owner: infosec_app
--

COPY public.notifications_notification (id, action, misc_title, created_at, actor_id, document_id) FROM stdin;
6	created	\N	2026-05-24 21:07:03.703149+08	1	11
7	updated	\N	2026-05-24 21:07:26.852176+08	1	11
8	updated	\N	2026-05-24 21:09:01.793076+08	1	11
9	created	\N	2026-05-24 21:14:47.274238+08	1	12
10	created	\N	2026-05-24 22:01:23.897475+08	1	13
\.


--
-- TOC entry 5176 (class 0 OID 35018)
-- Dependencies: 248
-- Data for Name: notifications_usernotification; Type: TABLE DATA; Schema: public; Owner: infosec_app
--

COPY public.notifications_usernotification (id, read, notification_id, to_user_id) FROM stdin;
31	f	6	1
32	f	6	2
33	f	6	3
34	f	6	4
35	f	6	5
36	f	6	6
37	f	7	1
38	f	7	2
39	f	7	3
40	f	7	4
41	f	7	5
42	f	7	6
43	f	8	1
44	f	8	2
45	f	8	3
46	f	8	4
47	f	8	5
48	f	8	6
49	f	9	1
50	f	9	2
51	f	9	3
52	f	9	4
53	f	9	5
54	f	9	6
55	f	10	1
56	f	10	2
57	f	10	3
58	f	10	4
59	f	10	5
60	f	10	6
\.


--
-- TOC entry 5167 (class 0 OID 34811)
-- Dependencies: 239
-- Data for Name: role; Type: TABLE DATA; Schema: public; Owner: infosec_app
--

COPY public.role (role_id, role_name, modules) FROM stdin;
\.


--
-- TOC entry 5170 (class 0 OID 34978)
-- Dependencies: 242
-- Data for Name: user_profile; Type: TABLE DATA; Schema: public; Owner: infosec_app
--

COPY public.user_profile (id, role_id, user_id) FROM stdin;
\.


--
-- TOC entry 5188 (class 0 OID 0)
-- Dependencies: 226
-- Name: auth_permission_id_seq; Type: SEQUENCE SET; Schema: public; Owner: infosec_app
--

SELECT pg_catalog.setval('public.auth_permission_id_seq', 68, true);


--
-- TOC entry 5189 (class 0 OID 0)
-- Dependencies: 228
-- Name: auth_user_id_seq; Type: SEQUENCE SET; Schema: public; Owner: infosec_app
--

SELECT pg_catalog.setval('public.auth_user_id_seq', 6, true);


--
-- TOC entry 5190 (class 0 OID 0)
-- Dependencies: 230
-- Name: django_admin_log_id_seq; Type: SEQUENCE SET; Schema: public; Owner: infosec_app
--

SELECT pg_catalog.setval('public.django_admin_log_id_seq', 1, true);


--
-- TOC entry 5191 (class 0 OID 0)
-- Dependencies: 224
-- Name: django_content_type_id_seq; Type: SEQUENCE SET; Schema: public; Owner: infosec_app
--

SELECT pg_catalog.setval('public.django_content_type_id_seq', 16, true);


--
-- TOC entry 5192 (class 0 OID 0)
-- Dependencies: 222
-- Name: django_migrations_id_seq; Type: SEQUENCE SET; Schema: public; Owner: infosec_app
--

SELECT pg_catalog.setval('public.django_migrations_id_seq', 35, true);


--
-- TOC entry 5193 (class 0 OID 0)
-- Dependencies: 233
-- Name: documents_document_id_seq; Type: SEQUENCE SET; Schema: public; Owner: infosec_app
--

SELECT pg_catalog.setval('public.documents_document_id_seq', 13, true);


--
-- TOC entry 5194 (class 0 OID 0)
-- Dependencies: 249
-- Name: documents_document_tags_id_seq; Type: SEQUENCE SET; Schema: public; Owner: infosec_app
--

SELECT pg_catalog.setval('public.documents_document_tags_id_seq', 11, true);


--
-- TOC entry 5195 (class 0 OID 0)
-- Dependencies: 235
-- Name: documents_section_id_seq; Type: SEQUENCE SET; Schema: public; Owner: infosec_app
--

SELECT pg_catalog.setval('public.documents_section_id_seq', 18, true);


--
-- TOC entry 5196 (class 0 OID 0)
-- Dependencies: 237
-- Name: documents_subsection_id_seq; Type: SEQUENCE SET; Schema: public; Owner: infosec_app
--

SELECT pg_catalog.setval('public.documents_subsection_id_seq', 32, true);


--
-- TOC entry 5197 (class 0 OID 0)
-- Dependencies: 243
-- Name: documents_tag_id_seq; Type: SEQUENCE SET; Schema: public; Owner: infosec_app
--

SELECT pg_catalog.setval('public.documents_tag_id_seq', 50, true);


--
-- TOC entry 5198 (class 0 OID 0)
-- Dependencies: 245
-- Name: notifications_notification_id_seq; Type: SEQUENCE SET; Schema: public; Owner: infosec_app
--

SELECT pg_catalog.setval('public.notifications_notification_id_seq', 10, true);


--
-- TOC entry 5199 (class 0 OID 0)
-- Dependencies: 247
-- Name: notifications_usernotification_id_seq; Type: SEQUENCE SET; Schema: public; Owner: infosec_app
--

SELECT pg_catalog.setval('public.notifications_usernotification_id_seq', 60, true);


--
-- TOC entry 5200 (class 0 OID 0)
-- Dependencies: 241
-- Name: user_profile_id_seq; Type: SEQUENCE SET; Schema: public; Owner: infosec_app
--

SELECT pg_catalog.setval('public.user_profile_id_seq', 1, false);


--
-- TOC entry 4913 (class 2606 OID 34607)
-- Name: roles_permission roles_permission_pkey; Type: CONSTRAINT; Schema: admin; Owner: postgres
--

ALTER TABLE ONLY admin.roles_permission
    ADD CONSTRAINT roles_permission_pkey PRIMARY KEY (role_id);


--
-- TOC entry 4915 (class 2606 OID 34609)
-- Name: roles_permission roles_permission_role_name_key; Type: CONSTRAINT; Schema: admin; Owner: postgres
--

ALTER TABLE ONLY admin.roles_permission
    ADD CONSTRAINT roles_permission_role_name_key UNIQUE (role_name);


--
-- TOC entry 4918 (class 2606 OID 34623)
-- Name: users users_email_key; Type: CONSTRAINT; Schema: admin; Owner: postgres
--

ALTER TABLE ONLY admin.users
    ADD CONSTRAINT users_email_key UNIQUE (email);


--
-- TOC entry 4920 (class 2606 OID 34621)
-- Name: users users_pkey; Type: CONSTRAINT; Schema: admin; Owner: postgres
--

ALTER TABLE ONLY admin.users
    ADD CONSTRAINT users_pkey PRIMARY KEY (user_id);


--
-- TOC entry 4943 (class 2606 OID 34765)
-- Name: audit_log audit_log_pkey; Type: CONSTRAINT; Schema: public; Owner: infosec_app
--

ALTER TABLE ONLY public.audit_log
    ADD CONSTRAINT audit_log_pkey PRIMARY KEY (log_id);


--
-- TOC entry 4929 (class 2606 OID 34687)
-- Name: auth_permission auth_permission_content_type_id_codename_01ab375a_uniq; Type: CONSTRAINT; Schema: public; Owner: infosec_app
--

ALTER TABLE ONLY public.auth_permission
    ADD CONSTRAINT auth_permission_content_type_id_codename_01ab375a_uniq UNIQUE (content_type_id, codename);


--
-- TOC entry 4931 (class 2606 OID 34651)
-- Name: auth_permission auth_permission_pkey; Type: CONSTRAINT; Schema: public; Owner: infosec_app
--

ALTER TABLE ONLY public.auth_permission
    ADD CONSTRAINT auth_permission_pkey PRIMARY KEY (id);


--
-- TOC entry 4933 (class 2606 OID 34671)
-- Name: auth_user auth_user_pkey; Type: CONSTRAINT; Schema: public; Owner: infosec_app
--

ALTER TABLE ONLY public.auth_user
    ADD CONSTRAINT auth_user_pkey PRIMARY KEY (id);


--
-- TOC entry 4936 (class 2606 OID 34768)
-- Name: auth_user auth_user_username_key; Type: CONSTRAINT; Schema: public; Owner: infosec_app
--

ALTER TABLE ONLY public.auth_user
    ADD CONSTRAINT auth_user_username_key UNIQUE (username);


--
-- TOC entry 4939 (class 2606 OID 34746)
-- Name: django_admin_log django_admin_log_pkey; Type: CONSTRAINT; Schema: public; Owner: infosec_app
--

ALTER TABLE ONLY public.django_admin_log
    ADD CONSTRAINT django_admin_log_pkey PRIMARY KEY (id);


--
-- TOC entry 4924 (class 2606 OID 34645)
-- Name: django_content_type django_content_type_app_label_model_76bd3d3b_uniq; Type: CONSTRAINT; Schema: public; Owner: infosec_app
--

ALTER TABLE ONLY public.django_content_type
    ADD CONSTRAINT django_content_type_app_label_model_76bd3d3b_uniq UNIQUE (app_label, model);


--
-- TOC entry 4926 (class 2606 OID 34643)
-- Name: django_content_type django_content_type_pkey; Type: CONSTRAINT; Schema: public; Owner: infosec_app
--

ALTER TABLE ONLY public.django_content_type
    ADD CONSTRAINT django_content_type_pkey PRIMARY KEY (id);


--
-- TOC entry 4922 (class 2606 OID 34637)
-- Name: django_migrations django_migrations_pkey; Type: CONSTRAINT; Schema: public; Owner: infosec_app
--

ALTER TABLE ONLY public.django_migrations
    ADD CONSTRAINT django_migrations_pkey PRIMARY KEY (id);


--
-- TOC entry 4962 (class 2606 OID 34851)
-- Name: django_session django_session_pkey; Type: CONSTRAINT; Schema: public; Owner: infosec_app
--

ALTER TABLE ONLY public.django_session
    ADD CONSTRAINT django_session_pkey PRIMARY KEY (session_key);


--
-- TOC entry 4946 (class 2606 OID 34782)
-- Name: documents_document documents_document_pkey; Type: CONSTRAINT; Schema: public; Owner: infosec_app
--

ALTER TABLE ONLY public.documents_document
    ADD CONSTRAINT documents_document_pkey PRIMARY KEY (id);


--
-- TOC entry 4982 (class 2606 OID 35055)
-- Name: documents_document_tags documents_document_tags_document_id_tag_id_07e90502_uniq; Type: CONSTRAINT; Schema: public; Owner: infosec_app
--

ALTER TABLE ONLY public.documents_document_tags
    ADD CONSTRAINT documents_document_tags_document_id_tag_id_07e90502_uniq UNIQUE (document_id, tag_id);


--
-- TOC entry 4984 (class 2606 OID 35053)
-- Name: documents_document_tags documents_document_tags_pkey; Type: CONSTRAINT; Schema: public; Owner: infosec_app
--

ALTER TABLE ONLY public.documents_document_tags
    ADD CONSTRAINT documents_document_tags_pkey PRIMARY KEY (id);


--
-- TOC entry 4950 (class 2606 OID 34790)
-- Name: documents_section documents_section_pkey; Type: CONSTRAINT; Schema: public; Owner: infosec_app
--

ALTER TABLE ONLY public.documents_section
    ADD CONSTRAINT documents_section_pkey PRIMARY KEY (id);


--
-- TOC entry 4953 (class 2606 OID 34798)
-- Name: documents_subsection documents_subsection_pkey; Type: CONSTRAINT; Schema: public; Owner: infosec_app
--

ALTER TABLE ONLY public.documents_subsection
    ADD CONSTRAINT documents_subsection_pkey PRIMARY KEY (id);


--
-- TOC entry 4971 (class 2606 OID 35007)
-- Name: documents_tag documents_tag_pkey; Type: CONSTRAINT; Schema: public; Owner: infosec_app
--

ALTER TABLE ONLY public.documents_tag
    ADD CONSTRAINT documents_tag_pkey PRIMARY KEY (id);


--
-- TOC entry 4975 (class 2606 OID 35016)
-- Name: notifications_notification notifications_notification_pkey; Type: CONSTRAINT; Schema: public; Owner: infosec_app
--

ALTER TABLE ONLY public.notifications_notification
    ADD CONSTRAINT notifications_notification_pkey PRIMARY KEY (id);


--
-- TOC entry 4978 (class 2606 OID 35022)
-- Name: notifications_usernotification notifications_usernotification_pkey; Type: CONSTRAINT; Schema: public; Owner: infosec_app
--

ALTER TABLE ONLY public.notifications_usernotification
    ADD CONSTRAINT notifications_usernotification_pkey PRIMARY KEY (id);


--
-- TOC entry 4956 (class 2606 OID 34975)
-- Name: role role_role_name_d4cf81e5_uniq; Type: CONSTRAINT; Schema: public; Owner: infosec_app
--

ALTER TABLE ONLY public.role
    ADD CONSTRAINT role_role_name_d4cf81e5_uniq UNIQUE (role_name);


--
-- TOC entry 4958 (class 2606 OID 34817)
-- Name: role roles_permission_pkey; Type: CONSTRAINT; Schema: public; Owner: infosec_app
--

ALTER TABLE ONLY public.role
    ADD CONSTRAINT roles_permission_pkey PRIMARY KEY (role_id);


--
-- TOC entry 4965 (class 2606 OID 34982)
-- Name: user_profile user_profile_pkey; Type: CONSTRAINT; Schema: public; Owner: infosec_app
--

ALTER TABLE ONLY public.user_profile
    ADD CONSTRAINT user_profile_pkey PRIMARY KEY (id);


--
-- TOC entry 4969 (class 2606 OID 34984)
-- Name: user_profile user_profile_user_id_key; Type: CONSTRAINT; Schema: public; Owner: infosec_app
--

ALTER TABLE ONLY public.user_profile
    ADD CONSTRAINT user_profile_user_id_key UNIQUE (user_id);


--
-- TOC entry 4916 (class 1259 OID 34629)
-- Name: idx_users_email; Type: INDEX; Schema: admin; Owner: postgres
--

CREATE INDEX idx_users_email ON admin.users USING btree (email);


--
-- TOC entry 4941 (class 1259 OID 34766)
-- Name: audit_log_log_id_45817d51_like; Type: INDEX; Schema: public; Owner: infosec_app
--

CREATE INDEX audit_log_log_id_45817d51_like ON public.audit_log USING btree (log_id varchar_pattern_ops);


--
-- TOC entry 4927 (class 1259 OID 34693)
-- Name: auth_permission_content_type_id_2f476e4b; Type: INDEX; Schema: public; Owner: infosec_app
--

CREATE INDEX auth_permission_content_type_id_2f476e4b ON public.auth_permission USING btree (content_type_id);


--
-- TOC entry 4934 (class 1259 OID 34769)
-- Name: auth_user_username_6821ab7c_like; Type: INDEX; Schema: public; Owner: infosec_app
--

CREATE INDEX auth_user_username_6821ab7c_like ON public.auth_user USING btree (username varchar_pattern_ops);


--
-- TOC entry 4937 (class 1259 OID 34757)
-- Name: django_admin_log_content_type_id_c4bce8eb; Type: INDEX; Schema: public; Owner: infosec_app
--

CREATE INDEX django_admin_log_content_type_id_c4bce8eb ON public.django_admin_log USING btree (content_type_id);


--
-- TOC entry 4940 (class 1259 OID 34758)
-- Name: django_admin_log_user_id_c564eba6; Type: INDEX; Schema: public; Owner: infosec_app
--

CREATE INDEX django_admin_log_user_id_c564eba6 ON public.django_admin_log USING btree (user_id);


--
-- TOC entry 4960 (class 1259 OID 34853)
-- Name: django_session_expire_date_a5c62663; Type: INDEX; Schema: public; Owner: infosec_app
--

CREATE INDEX django_session_expire_date_a5c62663 ON public.django_session USING btree (expire_date);


--
-- TOC entry 4963 (class 1259 OID 34852)
-- Name: django_session_session_key_c0390e0f_like; Type: INDEX; Schema: public; Owner: infosec_app
--

CREATE INDEX django_session_session_key_c0390e0f_like ON public.django_session USING btree (session_key varchar_pattern_ops);


--
-- TOC entry 4944 (class 1259 OID 34869)
-- Name: documents_document_authoredBy_id_79008128; Type: INDEX; Schema: public; Owner: infosec_app
--

CREATE INDEX "documents_document_authoredBy_id_79008128" ON public.documents_document USING btree ("authoredBy_id");


--
-- TOC entry 4947 (class 1259 OID 34884)
-- Name: documents_document_reviewedBy_id_76d47e8a; Type: INDEX; Schema: public; Owner: infosec_app
--

CREATE INDEX "documents_document_reviewedBy_id_76d47e8a" ON public.documents_document USING btree ("reviewedBy_id");


--
-- TOC entry 4980 (class 1259 OID 35066)
-- Name: documents_document_tags_document_id_006f35a8; Type: INDEX; Schema: public; Owner: infosec_app
--

CREATE INDEX documents_document_tags_document_id_006f35a8 ON public.documents_document_tags USING btree (document_id);


--
-- TOC entry 4985 (class 1259 OID 35067)
-- Name: documents_document_tags_tag_id_4f4a71e9; Type: INDEX; Schema: public; Owner: infosec_app
--

CREATE INDEX documents_document_tags_tag_id_4f4a71e9 ON public.documents_document_tags USING btree (tag_id);


--
-- TOC entry 4948 (class 1259 OID 34804)
-- Name: documents_section_parent_id_949d4a9a; Type: INDEX; Schema: public; Owner: infosec_app
--

CREATE INDEX documents_section_parent_id_949d4a9a ON public.documents_section USING btree (parent_id);


--
-- TOC entry 4951 (class 1259 OID 34810)
-- Name: documents_subsection_parent_id_921a2a5d; Type: INDEX; Schema: public; Owner: infosec_app
--

CREATE INDEX documents_subsection_parent_id_921a2a5d ON public.documents_subsection USING btree (parent_id);


--
-- TOC entry 4972 (class 1259 OID 35033)
-- Name: notifications_notification_actor_id_ec6170c3; Type: INDEX; Schema: public; Owner: infosec_app
--

CREATE INDEX notifications_notification_actor_id_ec6170c3 ON public.notifications_notification USING btree (actor_id);


--
-- TOC entry 4973 (class 1259 OID 35034)
-- Name: notifications_notification_document_id_eb214182; Type: INDEX; Schema: public; Owner: infosec_app
--

CREATE INDEX notifications_notification_document_id_eb214182 ON public.notifications_notification USING btree (document_id);


--
-- TOC entry 4976 (class 1259 OID 35045)
-- Name: notifications_usernotification_notification_id_4e79aa58; Type: INDEX; Schema: public; Owner: infosec_app
--

CREATE INDEX notifications_usernotification_notification_id_4e79aa58 ON public.notifications_usernotification USING btree (notification_id);


--
-- TOC entry 4979 (class 1259 OID 35046)
-- Name: notifications_usernotification_to_user_id_6d49488b; Type: INDEX; Schema: public; Owner: infosec_app
--

CREATE INDEX notifications_usernotification_to_user_id_6d49488b ON public.notifications_usernotification USING btree (to_user_id);


--
-- TOC entry 4954 (class 1259 OID 34976)
-- Name: role_role_name_d4cf81e5_like; Type: INDEX; Schema: public; Owner: infosec_app
--

CREATE INDEX role_role_name_d4cf81e5_like ON public.role USING btree (role_name varchar_pattern_ops);


--
-- TOC entry 4959 (class 1259 OID 34827)
-- Name: roles_permission_role_id_219a9b14_like; Type: INDEX; Schema: public; Owner: infosec_app
--

CREATE INDEX roles_permission_role_id_219a9b14_like ON public.role USING btree (role_id varchar_pattern_ops);


--
-- TOC entry 4966 (class 1259 OID 34995)
-- Name: user_profile_role_id_7f4a52a2; Type: INDEX; Schema: public; Owner: infosec_app
--

CREATE INDEX user_profile_role_id_7f4a52a2 ON public.user_profile USING btree (role_id);


--
-- TOC entry 4967 (class 1259 OID 34996)
-- Name: user_profile_role_id_7f4a52a2_like; Type: INDEX; Schema: public; Owner: infosec_app
--

CREATE INDEX user_profile_role_id_7f4a52a2_like ON public.user_profile USING btree (role_id varchar_pattern_ops);


--
-- TOC entry 4986 (class 2606 OID 34624)
-- Name: users users_role_id_fkey; Type: FK CONSTRAINT; Schema: admin; Owner: postgres
--

ALTER TABLE ONLY admin.users
    ADD CONSTRAINT users_role_id_fkey FOREIGN KEY (role_id) REFERENCES admin.roles_permission(role_id) ON DELETE SET NULL;


--
-- TOC entry 4987 (class 2606 OID 34688)
-- Name: auth_permission auth_permission_content_type_id_2f476e4b_fk_django_co; Type: FK CONSTRAINT; Schema: public; Owner: infosec_app
--

ALTER TABLE ONLY public.auth_permission
    ADD CONSTRAINT auth_permission_content_type_id_2f476e4b_fk_django_co FOREIGN KEY (content_type_id) REFERENCES public.django_content_type(id) DEFERRABLE INITIALLY DEFERRED;


--
-- TOC entry 4988 (class 2606 OID 34997)
-- Name: auth_user auth_user_role_id_fkey; Type: FK CONSTRAINT; Schema: public; Owner: infosec_app
--

ALTER TABLE ONLY public.auth_user
    ADD CONSTRAINT auth_user_role_id_fkey FOREIGN KEY (role_id) REFERENCES public.role(role_id) ON DELETE SET NULL;


--
-- TOC entry 4989 (class 2606 OID 34747)
-- Name: django_admin_log django_admin_log_content_type_id_c4bce8eb_fk_django_co; Type: FK CONSTRAINT; Schema: public; Owner: infosec_app
--

ALTER TABLE ONLY public.django_admin_log
    ADD CONSTRAINT django_admin_log_content_type_id_c4bce8eb_fk_django_co FOREIGN KEY (content_type_id) REFERENCES public.django_content_type(id) DEFERRABLE INITIALLY DEFERRED;


--
-- TOC entry 4990 (class 2606 OID 34752)
-- Name: django_admin_log django_admin_log_user_id_c564eba6_fk_auth_user_id; Type: FK CONSTRAINT; Schema: public; Owner: infosec_app
--

ALTER TABLE ONLY public.django_admin_log
    ADD CONSTRAINT django_admin_log_user_id_c564eba6_fk_auth_user_id FOREIGN KEY (user_id) REFERENCES public.auth_user(id) DEFERRABLE INITIALLY DEFERRED;


--
-- TOC entry 4991 (class 2606 OID 34879)
-- Name: documents_document documents_document_authoredBy_id_79008128_fk_auth_user_id; Type: FK CONSTRAINT; Schema: public; Owner: infosec_app
--

ALTER TABLE ONLY public.documents_document
    ADD CONSTRAINT "documents_document_authoredBy_id_79008128_fk_auth_user_id" FOREIGN KEY ("authoredBy_id") REFERENCES public.auth_user(id) DEFERRABLE INITIALLY DEFERRED;


--
-- TOC entry 4992 (class 2606 OID 34893)
-- Name: documents_document documents_document_reviewedBy_id_76d47e8a_fk_auth_user_id; Type: FK CONSTRAINT; Schema: public; Owner: infosec_app
--

ALTER TABLE ONLY public.documents_document
    ADD CONSTRAINT "documents_document_reviewedBy_id_76d47e8a_fk_auth_user_id" FOREIGN KEY ("reviewedBy_id") REFERENCES public.auth_user(id) DEFERRABLE INITIALLY DEFERRED;


--
-- TOC entry 5001 (class 2606 OID 35056)
-- Name: documents_document_tags documents_document_t_document_id_006f35a8_fk_documents; Type: FK CONSTRAINT; Schema: public; Owner: infosec_app
--

ALTER TABLE ONLY public.documents_document_tags
    ADD CONSTRAINT documents_document_t_document_id_006f35a8_fk_documents FOREIGN KEY (document_id) REFERENCES public.documents_document(id) DEFERRABLE INITIALLY DEFERRED;


--
-- TOC entry 5002 (class 2606 OID 35061)
-- Name: documents_document_tags documents_document_tags_tag_id_4f4a71e9_fk_documents_tag_id; Type: FK CONSTRAINT; Schema: public; Owner: infosec_app
--

ALTER TABLE ONLY public.documents_document_tags
    ADD CONSTRAINT documents_document_tags_tag_id_4f4a71e9_fk_documents_tag_id FOREIGN KEY (tag_id) REFERENCES public.documents_tag(id) DEFERRABLE INITIALLY DEFERRED;


--
-- TOC entry 4993 (class 2606 OID 34799)
-- Name: documents_section documents_section_parent_id_949d4a9a_fk_documents_document_id; Type: FK CONSTRAINT; Schema: public; Owner: infosec_app
--

ALTER TABLE ONLY public.documents_section
    ADD CONSTRAINT documents_section_parent_id_949d4a9a_fk_documents_document_id FOREIGN KEY (parent_id) REFERENCES public.documents_document(id) DEFERRABLE INITIALLY DEFERRED;


--
-- TOC entry 4994 (class 2606 OID 34805)
-- Name: documents_subsection documents_subsection_parent_id_921a2a5d_fk_documents_section_id; Type: FK CONSTRAINT; Schema: public; Owner: infosec_app
--

ALTER TABLE ONLY public.documents_subsection
    ADD CONSTRAINT documents_subsection_parent_id_921a2a5d_fk_documents_section_id FOREIGN KEY (parent_id) REFERENCES public.documents_section(id) DEFERRABLE INITIALLY DEFERRED;


--
-- TOC entry 4997 (class 2606 OID 35028)
-- Name: notifications_notification notifications_notifi_document_id_eb214182_fk_documents; Type: FK CONSTRAINT; Schema: public; Owner: infosec_app
--

ALTER TABLE ONLY public.notifications_notification
    ADD CONSTRAINT notifications_notifi_document_id_eb214182_fk_documents FOREIGN KEY (document_id) REFERENCES public.documents_document(id) DEFERRABLE INITIALLY DEFERRED;


--
-- TOC entry 4998 (class 2606 OID 35023)
-- Name: notifications_notification notifications_notification_actor_id_ec6170c3_fk_auth_user_id; Type: FK CONSTRAINT; Schema: public; Owner: infosec_app
--

ALTER TABLE ONLY public.notifications_notification
    ADD CONSTRAINT notifications_notification_actor_id_ec6170c3_fk_auth_user_id FOREIGN KEY (actor_id) REFERENCES public.auth_user(id) DEFERRABLE INITIALLY DEFERRED;


--
-- TOC entry 4999 (class 2606 OID 35035)
-- Name: notifications_usernotification notifications_userno_notification_id_4e79aa58_fk_notificat; Type: FK CONSTRAINT; Schema: public; Owner: infosec_app
--

ALTER TABLE ONLY public.notifications_usernotification
    ADD CONSTRAINT notifications_userno_notification_id_4e79aa58_fk_notificat FOREIGN KEY (notification_id) REFERENCES public.notifications_notification(id) DEFERRABLE INITIALLY DEFERRED;


--
-- TOC entry 5000 (class 2606 OID 35040)
-- Name: notifications_usernotification notifications_userno_to_user_id_6d49488b_fk_auth_user; Type: FK CONSTRAINT; Schema: public; Owner: infosec_app
--

ALTER TABLE ONLY public.notifications_usernotification
    ADD CONSTRAINT notifications_userno_to_user_id_6d49488b_fk_auth_user FOREIGN KEY (to_user_id) REFERENCES public.auth_user(id) DEFERRABLE INITIALLY DEFERRED;


--
-- TOC entry 4995 (class 2606 OID 34985)
-- Name: user_profile user_profile_role_id_7f4a52a2_fk_role_role_id; Type: FK CONSTRAINT; Schema: public; Owner: infosec_app
--

ALTER TABLE ONLY public.user_profile
    ADD CONSTRAINT user_profile_role_id_7f4a52a2_fk_role_role_id FOREIGN KEY (role_id) REFERENCES public.role(role_id) DEFERRABLE INITIALLY DEFERRED;


--
-- TOC entry 4996 (class 2606 OID 34990)
-- Name: user_profile user_profile_user_id_8fdce8e2_fk_auth_user_id; Type: FK CONSTRAINT; Schema: public; Owner: infosec_app
--

ALTER TABLE ONLY public.user_profile
    ADD CONSTRAINT user_profile_user_id_8fdce8e2_fk_auth_user_id FOREIGN KEY (user_id) REFERENCES public.auth_user(id) DEFERRABLE INITIALLY DEFERRED;


--
-- TOC entry 5186 (class 0 OID 0)
-- Dependencies: 220
-- Name: TABLE roles_permission; Type: ACL; Schema: admin; Owner: postgres
--

GRANT SELECT ON TABLE admin.roles_permission TO infosec_app;


--
-- TOC entry 5187 (class 0 OID 0)
-- Dependencies: 221
-- Name: TABLE users; Type: ACL; Schema: admin; Owner: postgres
--

GRANT SELECT,INSERT,UPDATE ON TABLE admin.users TO infosec_app;


-- Completed on 2026-05-24 22:12:04

--
-- PostgreSQL database dump complete
--

